term,category
Afghanistan--Politics and government--2001-,ChangeHeadingLCSH
African American bisexuals,ChangeHeadingLCSH
African American gays,ChangeHeadingLCSH
African American gays in literature,ChangeHeadingLCSH
Aged,ChangeHeadingLCSH
"Al-Aqsa Intifada, 2000-",ChangeHeadingLCSH
Aliens,ChangeHeadingLCSH
Ammassalimiut dialect,ChangeHeadingLCSH
Amycus (Greek mythology),CancelHeadingLCSH
Anaxarete (Greek mythology),CancelHeadingLCSH
Anaxarete (Greek mythology) in literature,CancelHeadingLCSH
Anime,CancelHeadingLCSH
"Anti-war poetry, Oriya",ChangeHeadingLCSH
Antifa (Organisation),ProblemLCSH
"Argentina--History--Dirty War, 1976-1983",ProblemLCSH
Asian American bisexuals,ChangeHeadingLCSH
Asian American gays,ChangeHeadingLCSH
Asian flu,ProblemLCSH
Asperger's syndrome,ProblemLCSH
Attention-deficit disorder in adolescence,CancelHeadingLCSH
Attention-deficit disorder in adults,CancelHeadingLCSH
Attention-deficit-disordered children,CancelHeadingLCSH
Attention-deficit-disordered parents,ChangeHeadingLCSH
Attention-deficit-disordered youth,ChangeHeadingLCSH
B.C. and A.D.,ProblemLCSH
B17 (Steam locomotive),ChangeHeadingLCSH
Baucis (Greek mythology),CancelHeadingLCSH
Bellerophon (Greek mythology),CancelHeadingLCSH
Berbers,ProblemLCSH
Bildungsromans,ProblemLCSH
"Bird, Mount (Ross Island, Ross Sea, Antarctica)",ChangeHeadingLCSH
Bisexuals,ChangeHeadingLCSH
Bisexuals' writings,ChangeHeadingLCSH
"Bisexuals' writings, American",ChangeHeadingLCSH
"Bisexuals' writings, Canadian",ChangeHeadingLCSH
"Bisexuals' writings, English",ChangeHeadingLCSH
Blacks,ChangeHeadingLCSH
Boat people,ProblemLCSH
Bossiness,ProblemLCSH
Boys love (Gay erotica),ChangeHeadingLCSH
"Brazil--History--Revolution, 1964",ProblemLCSH
Brecon Beacons National Park (Wales),ChangeHeadingLCSH
Buddhist gays,ChangeHeadingLCSH
Bukit Baka-Bukit Raya National Park (Indonesia),ChangeHeadingLCSH
Candra (Hindu deity),CancelHeadingLCSH
"Cang Lang Ting (Suzhou, Jiangsu Sheng, China)",ChangeHeadingLCSH
Catholic gays,ChangeHeadingLCSH
Cerebral palsied,ProblemLCSH
Cheju Tol Munhwa Kongwŏn (Korea),ChangeHeadingLCSH
Child pornography,ProblemLCSH
Children of attention-deficit-disordered parents,ChangeHeadingLCSH
Children of egg donors,CancelHeadingLCSH
Children of sperm donors,CancelHeadingLCSH
"Children's literature, Oriya",ChangeHeadingLCSH
"Children's poetry, Oriya",ChangeHeadingLCSH
Christian gays,ChangeHeadingLCSH
Church work with African American gays,ChangeHeadingLCSH
Church work with attention-deficit-disordered youth,ChangeHeadingLCSH
Church work with gays,ChangeHeadingLCSH
Civil procedure (Bantu law),CancelHeadingLCSH
Climatic changes,ProblemLCSH
Closeted gays,ChangeHeadingLCSH
Closeted gays in literature,ChangeHeadingLCSH
Common fallacies,ProblemLCSH
Crimea (Ukraine)--History--2014-,ChangeHeadingLCSH
Criminals,ProblemLCSH
Cripples,ChangeHeadingLCSH
Cross-dressing,ProblemLCSH
Crystalline lens,ProblemLCSH
Dattātreya (Hindu deity),CancelHeadingLCSH
Deaf gays,ChangeHeadingLCSH
Defloration,ProblemLCSH
Devakī (Hindu mythology),CancelHeadingLCSH
Deviant behavior,ProblemLCSH
Dewbow,ChangeHeadingLCSH
"Didactic poetry, Oriya",ChangeHeadingLCSH
Discovery and exploration,ProblemLCSH
Discrimination against overweight persons,ProblemLCSH
Domestic relations,ProblemLCSH
"Donetsk International Airport, Battle for, 2nd, Ukraine, 2014-2015",ChangeHeadingLCSH
Dwarfs (Persons),ProblemLCSH
East Indians,ProblemLCSH
Eskimos,ProblemLCSH
Ethnic arts,ProblemLCSH
Evaluative (Linguistics),ChangeHeadingLCSH
Ex-gays,ChangeHeadingLCSH
Expulsion of the Mormons,ChangeHeadingLCSH
Female circumcision,ChangeHeadingLCSH
Feminine hygiene products,ChangeHeadingLCSH
Feminine hygiene products industry,ChangeHeadingLCSH
Fetishism,ProblemLCSH
Florida Trail (Fla.),CancelHeadingLCSH
Fogbow,ChangeHeadingLCSH
"Folk drama, Oriya",ChangeHeadingLCSH
"Folk literature, Oriya",ChangeHeadingLCSH
"Folk songs, Dunsun",ChangeHeadingLCSH
"Folk songs, Kalâtdlisut",ChangeHeadingLCSH
"Folk songs, Karok",ChangeHeadingLCSH
Freedmen,ChangeHeadingLCSH
Friesland (Netherlands)--History,ChangeHeadingLCSH
Future life,ProblemLCSH
Galván family,ChangeHeadingLCSH
Gays,ChangeHeadingLCSH
Gays and rock music,ChangeHeadingLCSH
Gays and sports,ChangeHeadingLCSH
Gays and the performing arts,ChangeHeadingLCSH
Gays in advertising,CancelHeadingLCSH
Gays in higher education,ChangeHeadingLCSH
Gays in literature,ChangeHeadingLCSH
Gays in mass media,ChangeHeadingLCSH
Gays in motion pictures,ChangeHeadingLCSH
Gays in popular culture,ChangeHeadingLCSH
Gays in the civil service,ChangeHeadingLCSH
Gays in the performing arts,ChangeHeadingLCSH
Gays with disabilities,ChangeHeadingLCSH
"Gays, Black",ChangeHeadingLCSH
Gays' writings,ChangeHeadingLCSH
"Gays' writings, American",ChangeHeadingLCSH
"Gays' writings, Australian",ChangeHeadingLCSH
"Gays' writings, Austrian",ChangeHeadingLCSH
"Gays' writings, Basque",ChangeHeadingLCSH
"Gays' writings, Canadian",ChangeHeadingLCSH
"Gays' writings, Caribbean",ChangeHeadingLCSH
"Gays' writings, Catalan",ChangeHeadingLCSH
"Gays' writings, Chilean",ChangeHeadingLCSH
"Gays' writings, Chinese",ChangeHeadingLCSH
"Gays' writings, Costa Rican",ChangeHeadingLCSH
"Gays' writings, Dominican",ChangeHeadingLCSH
"Gays' writings, English",ChangeHeadingLCSH
"Gays' writings, French",ChangeHeadingLCSH
"Gays' writings, Galician",ChangeHeadingLCSH
"Gays' writings, German",ChangeHeadingLCSH
"Gays' writings, Irish",ChangeHeadingLCSH
"Gays' writings, Israeli",ChangeHeadingLCSH
"Gays' writings, Italian",ChangeHeadingLCSH
"Gays' writings, Latin American",ChangeHeadingLCSH
"Gays' writings, Malaysian (English)",ChangeHeadingLCSH
"Gays' writings, Philippine (English)",ChangeHeadingLCSH
"Gays' writings, Portuguese",ChangeHeadingLCSH
"Gays' writings, Puerto Rican",ChangeHeadingLCSH
"Gays' writings, Scottish",ChangeHeadingLCSH
"Gays' writings, South African (English)",ChangeHeadingLCSH
"Gays' writings, Spanish",ChangeHeadingLCSH
"Gays' writings, Spanish American",ChangeHeadingLCSH
"Gays' writings, Tagalog",ChangeHeadingLCSH
"Gays’ writings, Bikol",ChangeHeadingLCSH
Gender identity disorders,ChangeHeadingLCSH
Gender-nonconforming people,ProblemLCSH
Giants,CancelHeadingLCSH
Giants in art,ChangeHeadingLCSH
Giants in literature,ChangeHeadingLCSH
Giants in the Bible,ChangeHeadingLCSH
"Glen Villa Art Garden (North Hatley, Québec)",ChangeHeadingLCSH
God (Islam),ProblemLCSH
Great Chalfield Manor (England),ChangeHeadingLCSH
Gypsies,ChangeHeadingLCSH
"Hand-to-hand fighting, Oriental",ProblemLCSH
Handicapped children,ChangeHeadingLCSH
Hearing impaired,ProblemLCSH
"Heng Jie (Suzhou, Jiangsu Sheng, China)",ChangeHeadingLCSH
Héta Indians,ChangeHeadingLCSH
Hispanic American gays,ChangeHeadingLCSH
Hispanic Americans,ProblemLCSH
"Historical drama, Oriya",ChangeHeadingLCSH
Homeless persons,ProblemLCSH
Hotchkiss automobile,ChangeHeadingLCSH
Human monkeypox,ChangeHeadingLCSH
"Humorous poetry, Oriya",ChangeHeadingLCSH
Husband and wife,ProblemLCSH
Hypermnestra (Greek mythology),CancelHeadingLCSH
Hypnobryales,ChangeHeadingLCSH
Illegal aliens,ChangeHeadingLCSH
Illegal immigration,ProblemLCSH
Illegitimacy,ProblemLCSH
Illegitimate children,ProblemLCSH
Indecent assault,CancelHeadingLCSH
Indian cooking,ProblemLCSH
Indian gays,ChangeHeadingLCSH
Indian gays in literature,ChangeHeadingLCSH
Indians of North America,ProblemLCSH
Inmates of institutions,ProblemLCSH
Invalids,ProblemLCSH
Isobryales,CancelHeadingLCSH
Italian American gays,CancelHeadingLCSH
"Japanese Americans--Evacuation and relocation, 1942-1945",ChangeHeadingLCSH
Japanimation,CancelHeadingLCSH
Jewish bisexuals,ChangeHeadingLCSH
Jewish gays,ChangeHeadingLCSH
Jewish question,ProblemLCSH
Juvenile delinquents,ProblemLCSH
Kalâtdlisut dialect,ChangeHeadingLCSH
Kalâtdlisut language,ChangeHeadingLCSH
Kalâtdlisut literature,ChangeHeadingLCSH
Kalâtdlisut poetry,ChangeHeadingLCSH
Karok art,ChangeHeadingLCSH
Karok artists,ChangeHeadingLCSH
Karok baskets,ChangeHeadingLCSH
Karok Indians,ChangeHeadingLCSH
Karok language,ChangeHeadingLCSH
Karok mythology,ChangeHeadingLCSH
Karok women,ChangeHeadingLCSH
Keeche Indians,ChangeHeadingLCSH
Kejimkujik National Park (N.S.),ChangeHeadingLCSH
"KeyArena (Seattle, Wash.)",ChangeHeadingLCSH
Kham language,ChangeHeadingLCSH
Kingdom of God (Mormon theology),ChangeHeadingLCSH
Kings and rulers,ProblemLCSH
Landlord and tenant,ProblemLCSH
"Laudatory poetry, Oriya",ChangeHeadingLCSH
"Law, Bantu",CancelHeadingLCSH
"Lebanon--History--Israeli intervention, 1982-1985",ProblemLCSH
Legal assistance to gays,ChangeHeadingLCSH
Leprosy,ProblemLCSH
Leprosy,ProblemLCSH
Libraries and bisexuals,ChangeHeadingLCSH
Libraries and gays,ChangeHeadingLCSH
Mah-Meri (Malaysian people),ChangeHeadingLCSH
"Masks, Mah-Meri",ChangeHeadingLCSH
Mass media and gays,ChangeHeadingLCSH
Mentally retarded persons,ChangeHeadingLCSH
Mexican American gays,CancelHeadingLCSH
Mexican fruit-fly,ChangeHeadingLCSH
Middle-aged gays,ChangeHeadingLCSH
Minority gays,CancelHeadingLCSH
Minority gays in literature,ChangeHeadingLCSH
Missions to Mormons,ChangeHeadingLCSH
Mogul Empire,ProblemLCSH
Mongoloid race,ProblemLCSH
Mormon,ChangeHeadingLCSH
Mormon almanacs,ChangeHeadingLCSH
Mormon architecture,ChangeHeadingLCSH
Mormon art,ChangeHeadingLCSH
Mormon artists,ChangeHeadingLCSH
Mormon arts,ChangeHeadingLCSH
Mormon athletes,ChangeHeadingLCSH
Mormon authors,ChangeHeadingLCSH
Mormon boys,ChangeHeadingLCSH
Mormon children,ChangeHeadingLCSH
Mormon Church,ChangeHeadingLCSH
Mormon church buildings,ChangeHeadingLCSH
Mormon cities and towns,ChangeHeadingLCSH
Mormon converts,ChangeHeadingLCSH
Mormon cooking,ChangeHeadingLCSH
Mormon cosmology,ChangeHeadingLCSH
Mormon decorative arts,ChangeHeadingLCSH
Mormon families,ChangeHeadingLCSH
Mormon fundamentalism,ChangeHeadingLCSH
Mormon furniture,ChangeHeadingLCSH
Mormon gays,ChangeHeadingLCSH
Mormon girls,ChangeHeadingLCSH
Mormon handcart companies,ChangeHeadingLCSH
Mormon historians,ChangeHeadingLCSH
Mormon hygiene,ChangeHeadingLCSH
Mormon intellectuals,ChangeHeadingLCSH
Mormon interpretations,ChangeHeadingLCSH
Mormon men,ChangeHeadingLCSH
Mormon midwives,ChangeHeadingLCSH
Mormon missionaries,ChangeHeadingLCSH
Mormon neo-orthodoxy,ChangeHeadingLCSH
Mormon painting,ChangeHeadingLCSH
Mormon pilgrims and pilgrimages,ChangeHeadingLCSH
Mormon pioneers,ChangeHeadingLCSH
Mormon press,ChangeHeadingLCSH
Mormon quilts,ChangeHeadingLCSH
Mormon returned missionaries,ChangeHeadingLCSH
Mormon scholars,ChangeHeadingLCSH
Mormon seminaries,ChangeHeadingLCSH
Mormon shrines,ChangeHeadingLCSH
Mormon tabernacles,ChangeHeadingLCSH
Mormon temples,ChangeHeadingLCSH
Mormon universities and colleges,ChangeHeadingLCSH
Mormon wit and humor,ChangeHeadingLCSH
Mormon women,ChangeHeadingLCSH
Mormon women authors,ChangeHeadingLCSH
Mormon women missionaries,ChangeHeadingLCSH
Mormon youth,ChangeHeadingLCSH
Mormons,ChangeHeadingLCSH
Mormons in art,ChangeHeadingLCSH
Mormons in literature,ChangeHeadingLCSH
Mormons in mass media,ChangeHeadingLCSH
Mormons in motion pictures,ChangeHeadingLCSH
Morrigan (Celtic deity),CancelHeadingLCSH
Multiple personality disorder,ProblemLCSH
Muslim gays,ChangeHeadingLCSH
"Mythology, Aboriginal Australian",ProblemLCSH
Nanovor (Game),CancelHeadingLCSH
Navajo,ProblemLCSH
Neopagan gays,ChangeHeadingLCSH
Nephites,ChangeHeadingLCSH
New Jerusalem (Mormon theology),ChangeHeadingLCSH
Ngati Awa (New Zealand people),ChangeHeadingLCSH
Ngati Haua (New Zealand people),ChangeHeadingLCSH
Ngati Mahuta (New Zealand people),ChangeHeadingLCSH
Ngati Mamoe (New Zealand people),ChangeHeadingLCSH
Ngati Pukenga (New Zealand people),ChangeHeadingLCSH
Nilam River (Pakistan),ChangeHeadingLCSH
Nilam River Valley (Pakistan),ChangeHeadingLCSH
Nile mosaic (Palestrina),CancelHeadingLCSH
Obsession,ProblemLCSH
Obsession (Psychology),ProblemLCSH
Older gays,ChangeHeadingLCSH
Older Mormons,ChangeHeadingLCSH
"One-act plays, Oriya",ChangeHeadingLCSH
Ordinances for the dead (Mormon Church),ChangeHeadingLCSH
Ordination of gays,ChangeHeadingLCSH
Oriental literature,ProblemLCSH
Orientalism,ProblemLCSH
Oriya drama,ChangeHeadingLCSH
Oriya essays,ChangeHeadingLCSH
Oriya fiction,ChangeHeadingLCSH
Oriya language,ChangeHeadingLCSH
Oriya literature,ChangeHeadingLCSH
Oriya poetry,ChangeHeadingLCSH
Oriya poetry--1500-1800,ChangeHeadingLCSH
Oriya poetry--20th century,ChangeHeadingLCSH
Oriya prose literature,ChangeHeadingLCSH
Oriya prose literature--To 1500,ChangeHeadingLCSH
Oriya wit and humor,ChangeHeadingLCSH
"Ou Yuan (Suzhou, Jiangsu Sheng, China)",ChangeHeadingLCSH
Overweight gays,ChangeHeadingLCSH
Pacific Islander American bisexuals,ChangeHeadingLCSH
Pacific Islander American gays,ChangeHeadingLCSH
Pacifists,ProblemLCSH
Palestinian Arabs,ProblemLCSH
Parental leave,ChangeHeadingLCSH
Parents of attention-deficit-disordered children,ChangeHeadingLCSH
Parents of gays,ChangeHeadingLCSH
Parolees,ProblemLCSH
Patriarchal blessings (Mormon Church),ChangeHeadingLCSH
Patriarchs (Mormon theology),ChangeHeadingLCSH
"Patriotic poetry, Oriya",ChangeHeadingLCSH
People with mental disabilities,ProblemLCSH
People with social disabilities,ProblemLCSH
Philemon (Greek mythology),CancelHeadingLCSH
Pioneer Day (Mormon history),ChangeHeadingLCSH
Plan of salvation (Mormon theology),ChangeHeadingLCSH
Poor,ProblemLCSH
Popular music--South Korea--2011-2020,ProblemLCSH
Porirua Harbour (N.Z.),ChangeHeadingLCSH
Posse Comitatus (Group),CancelHeadingLCSH
Pregnant women,ProblemLCSH
Presbyterian gays,ChangeHeadingLCSH
Primitive art,ProblemLCSH
Prisoners,ProblemLCSH
Problem children,ProblemLCSH
Prophets (Mormon theology),ChangeHeadingLCSH
Prostitution,ProblemLCSH
Protestant gays,ChangeHeadingLCSH
Psychic trauma,ProblemLCSH
"Quatrains, Oriya",ChangeHeadingLCSH
Race,ProblemLCSH
Race relations,ProblemLCSH
Race riots,ProblemLCSH
Racially mixed people,ProblemLCSH
Radio programs for gays,ChangeHeadingLCSH
"Rāsa literature, Oriya",ChangeHeadingLCSH
Rastafarian,ProblemLCSH
"Red River Rebellion, 1869-1870",ChangeHeadingLCSH
"Reichstagsgebäude (Berlin, Germany)",CancelHeadingLCSH
"Religious literature, Oriya",ChangeHeadingLCSH
"Religious poetry, Oriya",ChangeHeadingLCSH
Restoration of the gospel (Mormon doctrine),ChangeHeadingLCSH
"Revolutionary poetry, Oriya",ChangeHeadingLCSH
Rgyal-roṅ (China),ChangeHeadingLCSH
"Riel Rebellion, 1885",ChangeHeadingLCSH
Samantabhadra (Buddhist deity),CancelHeadingLCSH
Schizophrenics,ProblemLCSH
Sex change,ChangeHeadingLCSH
Sex role,ProblemLCSH
Sexual minorities,ProblemLCSH
Sexual reorientation programs,ChangeHeadingLCSH
"Shiquan Jie (Suzhou, Jiangsu Sheng, China)",ChangeHeadingLCSH
"Short stories, Oriya",ChangeHeadingLCSH
Social disabilities,ProblemLCSH
Social work with bisexuals,ChangeHeadingLCSH
Social work with gays,ChangeHeadingLCSH
Socially handicapped,ChangeHeadingLCSH
South Asian American gays,ChangeHeadingLCSH
Street-food vendors,ChangeHeadingLCSH
Stuart Island State Park (Wash.),ChangeHeadingLCSH
Substance abuse,ProblemLCSH
Śulvasūtras,CancelHeadingLCSH
"Support (Domestic relations law, Hindu)",ChangeHeadingLCSH
"Support (Domestic relations law, Islamic)",ChangeHeadingLCSH
"Support (Domestic relations law, Jewish)",ChangeHeadingLCSH
Television and gays,ChangeHeadingLCSH
Television programs for gays,ChangeHeadingLCSH
Temple endowments (Mormon Church),ChangeHeadingLCSH
Temple work (Mormon Church),ChangeHeadingLCSH
Tenth of Muḥarram,ProblemLCSH
Theology,ProblemLCSH
"Tibet, Plateau of",ChangeHeadingLCSH
Tramps,ProblemLCSH
Transvestism,ChangeHeadingLCSH
Triangles (Interpersonal relations),ProblemLCSH
"Ukraine Conflict, 2014-",CancelHeadingLCSH
Ukraine--Economic conditions--1991-,ChangeHeadingLCSH
Ukraine--Economic policy--1991-,ChangeHeadingLCSH
Ukraine--Foreign relations--1991-,ChangeHeadingLCSH
Ukraine--History--1917-,ChangeHeadingLCSH
Ukraine--History--1917-1991,ChangeHeadingLCSH
Ukraine--History--1991-,ChangeHeadingLCSH
"Ukraine--History--Euromaidan Protests, 2013-2014",ChangeHeadingLCSH
"Ukraine--History--Russian Invasion, 2022-",ChangeHeadingLCSH
Ukraine--Intellectual life--1991-,ChangeHeadingLCSH
Ukraine--Politics and government--1991-,ChangeHeadingLCSH
Ukraine--Social conditions--1991-,ChangeHeadingLCSH
Ultra-Orthodox,ProblemLCSH
United orders (Mormon Church),ChangeHeadingLCSH
United States. Army--Gays,ChangeHeadingLCSH
Unskilled labor,ProblemLCSH
"Vaishnava poetry, Oriya",ChangeHeadingLCSH
Victims,ProblemLCSH
Waima'a language,ChangeHeadingLCSH
"Wang Shi Yuan (Suzhou, Jiangsu Sheng, China)",ChangeHeadingLCSH
Wards (Mormon Church),ChangeHeadingLCSH
Whites,ChangeHeadingLCSH
Women in the Mormon Church,ChangeHeadingLCSH
Women in the Mormon sacred books,ChangeHeadingLCSH
Word recognition,ProblemLCSH
World music,ProblemLCSH
"World War, 1939-1945--Gays",ChangeHeadingLCSH
Yellow peril,CancelHeadingLCSH
"Yipu Yuan (Suzhou, Jiangsu Sheng, China)",ChangeHeadingLCSH
"Zhuo Zheng Yuan (Suzhou, Jiangsu Sheng, China)",ChangeHeadingLCSH
Zion (Mormon Church),ChangeHeadingLCSH
Zoroastrianim,CancelHeadingLCSH
